accession,Dataset,fits_new,outer_tepal_shape_(verbatim),outer_tepal_shape_cleansed,outer_tepal_lanceolate_acuminate,tepal_spread,tepal_spread_spreading,tepal_spread_curved,tepal_spread_twisted,tepal_spread_other,tepal_length_outer_inner_1,tepal_length_outer_inner_2,tepal_length_outer_inner_3,tepal_length_outer_inner_4,tepal_length_outer_inner_5,tepal_length_outer_inner_6,tepal_length_outer_inner_7,tepal_length_outer_inner_8,tepal_length_outer_inner_9,tepal_length_outer_inner_10,tepal_inner_length_avg,tepal_outer_length_avg,tepal_inner_outer_ratio_avg,inner_tepal_edges,inner_tepal_edges_ruffled,inner_tepal_edges_beaded,inner_tepal_edges_denticulate,inner_tepal_edges_undulate,inner_tepal_edges_scalloped,inner_tepal_edges_rolled,inner_tepal_edges_other,flowers_just_opening,flowers_per_inflo,flowers_per_info_avg,bulb_coat_reticulation,bulb-coat_honeycomb,bulb-coat_squarish,bulb-coat_irregular,bulb-coat_thickwalled,bulb-coat_sinuous,bulb-coat_variable,ovary_cresting,ovary_long_projections,notes,collection_date,country,state,county,elevation,elevation_calculated,latitude,longitude,within_lat_long_range
5125,1,No,lanceolate-acuminate,lanceolate-acuminate,Yes,spreading-curved,Yes,Yes,No,NA,11; 10,10.5; 9,10.5; 9,10; 8,12.5; 9,NA,NA,NA,NA,NA,9.0000,10.9000,0.8287,ruffled; beaded,Yes,Yes,No,No,No,No,NA,FALSE,12; 13,12.5,NA,NA,NA,NA,NA,NA,NA,No,No,Bulb glued down.  Unable to see coat reticulatio,1889/05/29,U.S.A.,WA,King,8.14,8.14,47.57639,-122.40861,0
5173,1,No,lanceolate-acuminate,lanceolate-acuminate,Yes,spreading; twisted,Yes,No,Yes,NA,11; 10,11; 9,11; 9,11; 10,10.5; 9,NA,NA,NA,NA,NA,9.4000,10.9000,0.8623,ruffled; beaded,Yes,Yes,No,No,No,No,NA,FALSE,40; 34,37,squarish; honeycomb,Yes,Yes,No,No,No,No,Yes,No,,1893/06/28,U.S.A.,WA,Whitman,724.5,724.5,46.73139,-117.17861,0
5397,1,No,lanceolate-acuminate,lanceolate-acuminate,Yes,spreading-curved,Yes,Yes,No,NA,11; 10,12; 10,12; 10,12; 11,11; 9.5,13; 9,NA,NA,NA,NA,9.9167,11.8333,0.8414,ruffled; beaded,Yes,Yes,No,No,No,No,NA,FALSE,21; 23; 14,19.33333333,NA,NA,NA,NA,NA,NA,NA,Yes,No,No bulb,1923/05,U.S.A.,WA,Island,-0.17,-0.17,48.04028,-122.405,0
15226,1,No,lanceolate-acuminate,lanceolate-acuminate,Yes,spreading-curved,Yes,Yes,No,NA,8; 7,8.5; 8,8; 7,9; 8,9; 8,10; 8.5,9; 8,NA,NA,NA,7.7857,8.7857,0.8868,ruffled; beaded,Yes,Yes,No,No,No,No,NA,FALSE,19; 17; 23; 15; 19; 19; 26,19.71428571,squarish; honeycomb; irregular,Yes,Yes,Yes,No,No,No,Yes,No,,NA,NA,NA,NA,1386.7,1386.7,43.92267,-118.93325,0
21430,1,No,lanceolate-acuminate,lanceolate-acuminate,Yes,spreading-curved,Yes,Yes,No,NA,12; 10,13; 10,13; 11,NA,NA,NA,NA,NA,NA,NA,10.3333,12.6667,0.8162,ruffled; beaded,Yes,Yes,No,No,No,No,NA,FALSE,20; 6,13,NA,NA,NA,NA,NA,NA,NA,No,No,Fruits dispersing; no bulb,1931/07,U.S.A.,WA,Clallam,1220,1565.45,47.957247,-123.445581,0
26389,2,No,even taper,even taper,No,spreading-curved,Yes,Yes,No,NA,12.5; 12,10; 11,12.5; 11.5,NA,NA,NA,NA,NA,NA,NA,11.5000,11.6667,0.9933,ruffled,Yes,No,No,No,No,No,NA,FALSE,21; 25; 19; 25; 18,21.6,honeycomb; not thick walled,Yes,No,No,No,No,No,No,No,,1933/07/17,U.S.A.,OR,Wasco,1372,1122.2,45.412237,-121.445454,0
40513,2,No,even taper,even taper,No,some spreading,Some,No,No,NA,11.5; 11,12.5; 11.5,NA,NA,NA,NA,NA,NA,NA,NA,11.2500,12.0000,0.9383,ruffled; beaded,Yes,Yes,No,No,No,No,NA,FALSE,36; 23; 22,27,honeycomb; not thick walled,Yes,No,No,No,No,No,No,No,,1933/07/17,U.S.A.,OR,Wasco,1372,1122.2,45.412237,-121.445454,0
43871,1,No,lanceolate-acuminate,lanceolate-acuminate,Yes,spreading-curved,Yes,Yes,No,NA,11; 10,12; 10,11.5; 9.5,11; 10,10.5; 9.5,NA,NA,NA,NA,NA,9.8000,11.2000,0.8765,ruffled; beaded,Yes,Yes,No,No,No,No,NA,FALSE,14; 12,13,NA,NA,NA,NA,NA,NA,NA,No,No,,1927/04,U.S.A.,WA,Snohomish,6.78,6.78,48.05194,-122.17583,0
45562,1,No,lanceolate-acuminate,lanceolate-acuminate,Yes,spreading-curved,Yes,Yes,No,NA,10; 9,9.5; 8.5,9; 8,9; 8.5,9; 8,8.5; 8,8.5; 8,9; 8,NA,NA,8.2500,9.0625,0.9110,slightly-ruffled; beaded,Some,Yes,No,No,No,No,NA,FALSE,18; 9; 11; 14; 11; 16; 13; 17; 13; 16; 12; 18; 18; 16; 8,14,squarish; honeycomb,Yes,Yes,No,No,No,No,No,No,,1938/06/25,U.S.A.,ID,Butte,1616,1693.38,43.491823,-113.29944,0
51679,1,No,lanceolate-acuminate,lanceolate-acuminate,Yes,spreading-curved,Yes,Yes,No,NA,10.5; 10,10; 9.5,10.5; 9.5,9.5; 9,10; 9,10; 10,9.5; 9,NA,NA,NA,9.4286,10.0000,0.9431,ruffled; beaded,Yes,Yes,No,No,No,No,NA,FALSE,11; 11; 15; 13; 7; 13,11.66666667,squarish; honeycomb; irregular,Yes,Yes,Yes,No,No,No,Yes,No,,1936/06/24,U.S.A.,ID,Latah,783.78,783.78,46.92167,-116.89722,0
51680,1,No,lanceolate-acuminate,lanceolate-acuminate,Yes,spreading-curved,Yes,Yes,No,NA,13; 11,13; 10,10.5; 9,12; 10.5,10; 9,NA,NA,NA,NA,NA,9.9000,11.7000,0.8495,ruffled; beaded,Yes,Yes,No,No,No,No,NA,FALSE,11; 12; 8; 14; 20; 6; 12,11.85714286,squarish; honeycomb; irregular,Yes,Yes,Yes,No,No,No,No,No,,1936/06/26,U.S.A.,OR,NA,2416.67,2416.67,45.225285,-117.259178,0
55747,1,No,lanceolate-acuminate,lanceolate-acuminate,Yes,spreading-curved,Yes,Yes,No,NA,11; 8.5,8; 7,11; 10,11; 10,10; 8.5,NA,NA,NA,NA,NA,11.3571,12.6429,0.8632,ruffled; beaded,Yes,Yes,No,No,No,No,NA,FALSE,7; 7; 5; 9; 9; 11,8,NA,NA,NA,NA,NA,NA,NA,No,No,No bulb,NA,NA,NA,NA,3.62,3.62,48.91806,-122.74333,0
56629,1,No,lanceolate-acuminate,lanceolate-acuminate,Yes,spreading-curved,Yes,Yes,No,NA,14; 12,13; 11,13; 10.5,12.5; 12,12; 11.5,13; 12.5,11; 10,NA,NA,NA,8.8000,10.2000,0.9000,slightly-ruffled; beaded,Some,Yes,No,No,No,No,NA,FALSE,3; 5; 8; 5; 9; 11; 11,7.428571429,honeycomb; slightly varied,Yes,No,No,No,No,some,No,No,,1935/07/03,U.S.A.,OR,Multnomah,84.18,84.18,45.610155,-122.009631,0
84613,1,No,lanceolate-acuminate,lanceolate-acuminate,Yes,spreading-curved,Yes,Yes,No,NA,7.5; 7.5,9; 9,11; 11,10; 9.5,10.5; 10.5,9; 8.5,9; 7.5,NA,NA,NA,9.0714,9.4286,0.9611,slightly-ruffled; beaded,Some,Yes,No,No,No,No,NA,FALSE,24; 21; 20; 13,19.5,squarish; honeycomb,Yes,Yes,No,No,No,No,No,No,,1940/05/17,U.S.A.,WA,Grant,561.73,561.73,47.723105,-119.285965,0
93887,2,Unsure,gradual taper,gradual taper,No,some spreading,Some,No,No,NA,12; 11,13; 12,13.5; 13,NA,NA,NA,NA,NA,NA,NA,12.0000,12.8333,0.9342,ruffled; beaded,Yes,Yes,No,No,No,No,NA,FALSE,10; 4; 10,8,honeycomb; somewhat thick walled,Yes,No,No,some,No,No,No,Yes,,1944/05/27,U.S.A.,WA,Whitman,816.38,816.38,46.47351,-117.04433,0
93892,1,No,lanceolate-acuminate,lanceolate-acuminate,Yes,spreading-curved,Yes,Yes,No,NA,10; 8,9; 8,8.5; 8.5,9; 8.5,NA,NA,NA,NA,NA,NA,8.2500,9.1250,0.9083,ruffled; beaded,Yes,Yes,No,No,No,No,NA,FALSE,15; 5,10,squarish; honeycomb,Yes,Yes,No,No,No,No,Yes,No,,1944/06/02,U.S.A.,ID,Boise,1085.13,1085.13,43.51099,-116.06198,0
105335,2,Yes,lanceolate-acuminate,lanceolate-acuminate,Yes,spreading-curved,Yes,Yes,No,NA,9; 8,10; 8,11.5; 10.5,12; 10.5,11; 9.5,10.5; 10,10; 8.5,NA,NA,NA,9.2857,10.5714,0.8776,ruffled; beaded,Yes,Yes,No,No,No,No,NA,FALSE,24; 19; 20; 26; 23,22.4,honeycomb,Yes,No,No,No,No,No,Yes,Yes,,1946/06/24,U.S.A.,ID,Adams,1211.26,1211.26,44.96111,-116.24278,0
105540,1,No,lanceolate-acuminate,lanceolate-acuminate,Yes,spreading-curved,Yes,Yes,No,NA,11; 10,12; 11,11.5; 10,12; 10,NA,NA,NA,NA,NA,NA,10.2500,11.6250,0.8822,ruffled; beaded,Yes,Yes,No,No,No,No,NA,FALSE,10; 22; 11; 17; 18,15.6,squarish; honeycomb; very irregular,Yes,Yes,Yes,No,No,No,No,No,,1946/06/23,U.S.A.,ID,Washington,1368.17,1368.17,44.540773,-116.96833,0
111646,2,No,lanceolate-acuminate,lanceolate-acuminate,Yes,not very spreading,No,No,No,NA,9.5; 8.5,10; 8.5,9.5; 9,10; 9,9; 8.5,NA,NA,NA,NA,NA,8.7000,9.6000,0.9073,ruffled; beaded,Yes,Yes,No,No,No,No,NA,FALSE,17; 17; 15,16.33333333,NA,NA,NA,NA,NA,NA,NA,No,No,no bulb,1946/06/14,U.S.A.,OR,Harney,2107.71,2107.71,42.753177,-118.693873,0
114210,1,No,lanceolate-acuminate,lanceolate-acuminate,Yes,mostly spreading-curved,Yes,Yes,No,NA,9; 7.5,9; 8.5,7; 7,8.5; 8,NA,NA,NA,NA,NA,NA,7.7500,8.3750,0.9297,ruffled; beaded,Yes,Yes,No,No,No,No,NA,FALSE,17; 7; 14; 14; 14; 17; 13; 13; 9,13.11111111,squarish; honeycomb,Yes,Yes,No,No,No,No,No,No,,1947/06/19,U.S.A.,ID,Elmore,1354.47,1354.47,43.51314,-115.31111,0
118183,1,No,lanceolate-acuminate,lanceolate-acuminate,Yes,mostly spreading-curved,Yes,Yes,No,NA,9; 8.5,8.5; 8,9; 8,9; 8,9; 8,NA,NA,NA,NA,NA,8.1000,8.9000,0.9105,ruffled; beaded,Yes,Yes,No,No,No,No,NA,FALSE,13; 12; 14; 13,13,squarish; honeycomb; irregular,Yes,Yes,Yes,No,No,No,No,No,,1946/06/04,U.S.A.,WA,Adams,541.21,541.21,47.060822,-118.05583,0
118464,2,Unsure,sharp taper; lanceolate-acuminate,sharp taper; lanceolate-acuminate,Yes,spreading,Yes,No,No,NA,10; 9.5,11; 9,11; 10.5,NA,NA,NA,NA,NA,NA,NA,9.6667,10.6667,0.9076,ruffled; beaded,Yes,Yes,No,No,No,No,NA,FALSE,14; 16; 14; 16,15,honeycomb; not thick walled,Yes,No,No,No,No,No,No,No,,1946/06/29,U.S.A.,OR,Wallowa,1285.94,1285.94,45.290298,-116.990947,0
125034,1,No,lanceolate-acuminate; tips very narrow,lanceolate-acuminate; narrow tips,Yes,mostly spreading-curved,Yes,Yes,No,NA,10; 10,9; 9,NA,NA,NA,NA,NA,NA,NA,NA,9.5000,9.5000,1.0000,ruffled; beaded,Yes,Yes,No,No,No,No,NA,FALSE,11; 9; 12; 18,12.5,squarish; honeycomb; irregular,Yes,Yes,Yes,No,No,No,No,No,,1948/06/19,U.S.A.,WA,Okanogan,558.16,558.16,48.50753,-120.18568,0
134815,1,No,lanceolate-acuminate,lanceolate-acuminate,Yes,spreading-curved,Yes,Yes,No,NA,10; 8,10.5; 9,10; 8,8.5; 8,8; 7.5,9; 9,10; 8.5,NA,NA,NA,8.2857,9.4286,0.8837,ruffled,Yes,No,No,No,No,No,NA,FALSE,27; 17,22,NA,NA,NA,NA,NA,NA,NA,No,No,,1910/05/18,U.S.A.,ID,Canyon,689.02,689.02,43.969886,-116.81904,0
135211,1,No,lanceolate-acuminate,lanceolate-acuminate,Yes,spreading-curved,Yes,Yes,No,NA,13; 10,12.5; 10,10; 8.5,12; 10,13; 10,NA,NA,NA,NA,NA,9.7000,12.1000,0.8044,ruffled; beaded,Yes,Yes,No,No,No,No,NA,FALSE,9; 9; 8; 12,9.5,squarish; honeycomb,Yes,Yes,No,No,No,No,No,No,,1950/06/11,U.S.A.,WA,Island,144.3,144.3,48.40164,-122.63926,0
138864,2,No,gradual taper,gradual taper,No,some spreading,Some,No,No,NA,8; 7,8.5; 7.5,NA,NA,NA,NA,NA,NA,NA,NA,7.2500,8.2500,0.8787,ruffled; beaded,Yes,Yes,No,No,No,No,NA,FALSE,16; 13; 13; 20; 18; 18; 15,16.14285714,honeycomb; not thick walled,Yes,No,No,No,No,No,No,No,,1949/07/01,U.S.A.,ID,Adams,1211.26,1211.26,44.96111,-116.24278,0
139089,2,No,sharp,sharp taper,No,some spreading,Some,No,No,NA,11; 10,10; 9.5,10; 10,9; 8,9; 8.5,NA,NA,NA,NA,NA,9.2000,9.8000,0.9385,ruffled; beaded,Yes,Yes,No,No,No,No,NA,FALSE,"8, 4, 5, 8, 8, 6",6.5,irregular; hoenycomb; not thick walled,Yes,No,Yes,No,No,No,No,No,,1946/08/03,U.S.A.,WA,Chelan,639.8,639.8,47.562003,-120.779518,0
141982,2,No,gradual taper,gradual taper,No,some spreading,Some,No,No,NA,10; 9.5,10; 9.5,11; 10,NA,NA,NA,NA,NA,NA,NA,9.6667,10.3333,0.9364,ruffled; beaded,Yes,Yes,No,No,No,No,NA,FALSE,20; 22; 31; 9; 10,18.4,honeycomb; not thick walled,Yes,No,No,No,No,No,No,No,,1950/07/11,U.S.A.,ID,Idaho,545.82,545.82,45.406973,-116.329954,0
144378,2,No,sharp taper to tip; lanceolate-acuminate,sharp taper; lanceolate-acuminate,Yes,some spreading,Some,No,No,NA,12; 10,11; 9,NA,NA,NA,NA,NA,NA,NA,NA,9.5000,11.5000,0.8258,ruffled; beaded,Yes,Yes,No,No,No,No,NA,FALSE,18; 16; 17; 29,20,NA,NA,NA,NA,NA,NA,NA,Yes,No,,1950/06/11,U.S.A.,OR,Baker,684.85,684.85,44.90988,-116.949886,0
144381,1,No,lanceolate-acuminate,lanceolate-acuminate,Yes,spreading-curved,Yes,Yes,No,NA,11; 10,11.5; 10,11; 10,12; 11,11; 10.5,NA,NA,NA,NA,NA,10.3000,11.3000,0.9118,ruffled; beaded,Yes,Yes,No,No,No,No,NA,FALSE,25; 18; 19,20.66666667,squarish; honeycomb; irregular,Yes,Yes,Yes,No,No,No,Yes,No,,1950/06/25,U.S.A.,OR,Wheeler,915,1020.72,44.9025,-120.0771,0
152678,1,No,lanceolate-acuminate,lanceolate-acuminate,Yes,spreading-curved,Yes,Yes,No,NA,9; 8,9; 7,8; 7,8; 7,8; 7,8.5; 7.5,9; 7,NA,NA,NA,7.2143,8.5000,0.8503,slightly-ruffled; beaded,Some,Yes,No,No,No,No,NA,FALSE,8; 10; 6; 8; 5; 12; 4; 7,7.5,squarish; honeycomb; slightly variable,Yes,Yes,No,No,No,some,Yes,No,,1952/07/17,U.S.A.,OR,Grant,2041.38,2041.38,44.988007,-118.359713,0
156211,1,No,lanceolate-acuminate,lanceolate-acuminate,Yes,spreading-curved,Yes,Yes,No,NA,12.5; 11.5,12; 11,11; 10,11.5; 10.5,12; 11,12; 10.5,11; 10.5,,NA,NA,10.7143,11.7143,0.9150,ruffled; beaded,Yes,Yes,No,No,No,No,NA,FALSE,25; 16; 16; 21,19.5,squarish; honeycomb; slightly variable,Yes,Yes,No,No,No,some,Yes,No,,1953/06/13,U.S.A.,OR,Sherman,518,524.42,45.5112,-120.6792,0
160704,1,No,lanceolate-acuminate,lanceolate-acuminate,Yes,spreading-curved,Yes,Yes,No,NA,10; 9,10; 9,9; 8.5,9; 8.5,10; 8.5,9; 8,10.5; 9,NA,NA,NA,8.6429,9.6429,0.8978,very ruffled-beaded,Yes,Some,No,No,No,No,NA,FALSE,26; 20; 26; 25,24.25,squarish; honeycomb,Yes,Yes,No,No,No,No,No,No,,1954/06/21,U.S.A.,ID,Adams,1389.17,1389.17,44.77814,-116.36252,0
163114,2,No,even taper,even taper,No,some spreading,Some,No,No,NA,12; 10.5,12; 11,14; 13,NA,NA,NA,NA,NA,NA,NA,11.5000,12.6667,0.9067,slightly-ruffled; beaded,Some,Yes,No,No,No,No,NA,FALSE,23; 17,20,honeycomb; not thick walled,Yes,No,No,No,No,No,No,No,,1953/06/09,U.S.A.,OR,Jefferson,701,747.93,44.6304,-121.18,0
169136,1,No,lanceolate-acuminate,lanceolate-acuminate,Yes,spreading; twisted,Yes,No,Yes,NA,10; 9,10; 9,9; 8,9.5; 9,NA,NA,NA,NA,NA,NA,8.7500,9.6250,0.9091,ruffled; beaded,Yes,Yes,No,No,No,No,NA,FALSE,12; 12; 10; 11,11.25,squarish; honeycomb,Yes,Yes,No,No,No,No,Yes,No,,1949/06/26,U.S.A.,WA,Asotin,1194.22,1194.22,46.114521,-117.160938,0
173273,1,No,lanceolate-acuminate,lanceolate-acuminate,Yes,spreading-curved,Yes,Yes,No,NA,10; 9,10.5; 9,11; 10,10.5; 9.5,11; 10,12; 9,9.5; 9,11; 10,NA,NA,9.4375,10.6875,0.8858,ruffled; beaded,Yes,Yes,No,No,No,No,NA,FALSE,12; 22; 23,19,squarish; honeycomb,Yes,Yes,No,No,No,No,Yes,No,,1955/05/30,U.S.A.,OR,Malheur,857.01,857.01,44.246263,-117.476698,0
173848,1,No,lanceolate-acuminate,lanceolate-acuminate,Yes,spreading-curved,Yes,Yes,No,NA,12; 10,11.5; 10.5,13; 11,11.5; 10.5,11; 10,10.5; 9.5,NA,NA,NA,NA,10.2500,11.5833,0.8866,slightly-ruffled; beaded,Some,Yes,No,No,No,No,NA,FALSE,13; 33; 37; 43,31.5,squarish; honeycomb,Yes,Yes,No,No,No,No,Yes,No,,1956/05/27,U.S.A.,OR,Malheur,910.82,910.82,43.989762,-117.70785,0
177770,1,No,lanceolate-acuminate,lanceolate-acuminate,Yes,spreading-curved,Yes,Yes,No,NA,9; 8.5,9.5; 9,10; 9,9; 8,8; 7,NA,NA,NA,NA,NA,8.3000,9.1000,0.9111,ruffled; beaded,Yes,Yes,No,No,No,No,NA,FALSE,19; 15; 13,15.66666667,honeycomb; irregular,Yes,No,Yes,No,No,No,No,No,,1949/05/29,U.S.A.,ID,Bannock,1428.87,1428.87,42.782663,-112.401417,0
181035,1,No,lanceolate-acuminate,lanceolate-acuminate,Yes,slightly-spreading,Some,No,No,NA,9; 8,10; 8,NA,NA,NA,NA,NA,NA,NA,NA,8.0000,9.5000,0.8444,ruffled; beaded,Yes,Yes,No,No,No,No,NA,FALSE,12; 9; 9; 12; 3; 8; 8; 7; 3,7.888888889,squarish; honeycomb,Yes,Yes,No,No,No,No,No,No,,1950/07/07,U.S.A.,OR,Grant,1028.2,1028.2,44.415682,-118.86135,0
188368,1,No,lanceolate-acuminate,lanceolate-acuminate,Yes,mostly spreading-curved,Yes,Yes,No,NA,8; 7.5,8.5; 8,8; 7.5,9; 8,9; 8,8; 7.5,9; 8,9; 8,NA,NA,7.8125,8.5625,0.9137,ruffled; beaded,Yes,Yes,No,No,No,No,NA,FALSE,7; 8; 3; 11; 15; 14; 18; 20; 16,12.44444444,rectangular; honeycomb,Yes,Some,No,No,No,No,No,No,,1958/06/16,U.S.A.,ID,Cassia,1829,1355.56,42.347404,-113.355686,0
208825,1,No,lanceolate-acuminate,lanceolate-acuminate,Yes,spreading-curved,Yes,Yes,No,NA,9; 8,9; 8,8.5; 8,9; 8.5,10; 9,9; 8,NA,NA,NA,NA,8.2500,9.0833,0.9087,slightly-ruffled; beaded,Some,Yes,No,No,No,No,NA,FALSE,30; 25; 30; 18; 20; 24,24.5,squarish; honeycomb,Yes,Yes,No,No,No,No,Yes,No,,1956/06/22,U.S.A.,OR,Lake,1494,1621.85,43.308726,-119.887151,0
215707,1,No,lanceolate-acuminate,lanceolate-acuminate,Yes,spreading-curved,Yes,Yes,No,NA,10; 8.75,10; 8.5,9.5; 8.5,10; 8,10.5; 9,10; 9,9.5; 8.5,NA,NA,NA,8.6071,9.9286,0.8674,ruffled; beaded,Yes,Yes,No,No,No,No,NA,FALSE,12; 9; 7; 12; 7,9.4,NA,NA,NA,NA,NA,NA,NA,No,No,,1961/06/06,Canada,BC,NA,1.18,1.18,49.465556,-124.73611,0
216165,1,No,lanceolate-acuminate,lanceolate-acuminate,Yes,spreading-curved,Yes,Yes,No,NA,10.5; 9.5,8; 7.5,9; 8.5,10; 9,NA,NA,NA,NA,NA,NA,8.6250,9.3750,0.9217,ruffled; beaded,Yes,Yes,No,No,No,No,NA,FALSE,23; 20,21.5,squarish; honeycomb,Yes,Yes,No,No,No,No,No,No,,1963/06/19,U.S.A.,ID,Butte,1634.97,1634.97,43.605935,-113.341896,0
236334,2,No,sharp taper to tip; lanceolate-acuminate,sharp taper; lanceolate-acuminate,Yes,some spreading,Some,No,No,NA,13; 11,12; 11,13; 10,NA,NA,NA,NA,NA,NA,NA,10.6667,12.6667,0.8440,ruffled; beaded,Yes,Yes,No,No,No,No,NA,FALSE,11; 16; 22; 13,15.5,honeycomb; not thick walled,Yes,No,No,No,No,No,No,No,,1967/06/15,U.S.A.,ID,Washington,983.97,983.97,44.409115,-116.73361,0
243152,1,No,lanceolate-acuminate,lanceolate-acuminate,Yes,spreading-curved,Yes,Yes,No,NA,9.5; 9,9; 8,8; 8,9; 8,9; 8.5,NA,NA,NA,NA,NA,8.3000,8.9000,0.9339,ruffled; beaded,Yes,Yes,No,No,No,No,NA,FALSE,45,45,NA,NA,NA,NA,NA,NA,NA,Yes,No,no bulb,1910/05/18,U.S.A.,ID,Canyon,671,689.02,43.969886,-116.81904,0
258005,2,No,lanceolate-acuminate,lanceolate-acuminate,Yes,spreading-curved,Yes,Yes,No,NA,12.5; 10,11; 9,NA,NA,NA,NA,NA,NA,NA,NA,9.5000,11.7500,0.8091,ruffled; beaded,Yes,Yes,No,No,No,No,NA,FALSE,22; 21; 26; 26; 21; 12,21.33333333,squarish; honeycomb; not very thick-walled,Yes,Yes,No,No,No,No,No,No,,1971/07/11,U.S.A.,OR,Wallowa,1738,1753.81,45.242082,-117.075308,0
258544,2,No,even taper,even taper,No,some spreading,Some,No,No,NA,10; 8.5,NA,NA,NA,NA,NA,NA,NA,NA,NA,8.5000,10.0000,0.8500,ruffled; beaded,Yes,Yes,No,No,No,No,NA,FALSE,5,5,honeycomb; not thick walled,Yes,No,No,No,No,No,No,No,,1973/07/15,U.S.A.,OR,Wallowa,1753,2439.18,45.193933,-117.340333,0
267211,1,No,lanceolate-acuminate,lanceolate-acuminate,Yes,spreading-curved,Yes,Yes,No,NA,9.5; 8.5,8.5; 8,10; 9,10; 11,NA,NA,NA,NA,NA,NA,9.1250,9.5000,0.9590,slightly-ruffled; beaded,Some,Yes,No,No,No,No,NA,FALSE,14; 13,13.5,squarish; honeycomb,Yes,Yes,No,No,No,No,Yes,No,,1974/05,U.S.A.,ID,Idaho,833.42,833.42,45.820393,-115.827119,0
270946,2,No,lanceolate-acuminate,lanceolate-acuminate,Yes,not very spreading,No,No,No,NA,9.5; 9,8.5; 8.5,10; 9.5,8.5; 8,8.5; 8,NA,NA,NA,NA,NA,8.6000,9.0000,0.9559,ruffled; beaded,Yes,Yes,No,No,No,No,NA,FALSE,12; 24; 32,22.66666667,squarish; irregular; honeycomb; not very thick-walled,Yes,Yes,Yes,No,No,No,No,No,,1977/06/21,U.S.A.,NA,NA,1115,1243,45.118768,-119.617537,0
278852,1,No,lanceolate-acuminate,lanceolate-acuminate,Yes,spreading-curved,Yes,Yes,No,NA,8; 7,8; 6.5,8.5; 8,10; 9,10; 8,9; 8,NA,NA,NA,NA,7.7500,8.9167,0.8696,ruffled; beaded,Yes,Yes,No,No,No,No,NA,FALSE,15; 21; 18; 19,18.25,squarish; honeycomb; irregular,Yes,Yes,Yes,No,No,No,No,No,,1979/06/06,U.S.A.,OR,Malheur,1181,1158.97,44.31252,-117.889406,0
282439,1,No,lanceolate-acuminate,lanceolate-acuminate,Yes,spreading-curved,Yes,Yes,No,NA,7.5; 7,8; 7,7.5; 7,8; 7,8; 7.5,8; 7,NA,NA,NA,NA,7.0833,7.8333,0.9049,ruffled; beaded,Yes,Yes,No,No,No,No,NA,FALSE,10; 13; 9,10.66666667,squarish; honeycomb; irregular,Yes,Yes,Yes,No,No,No,No,No,,NA,NA,NA,NA,1585.23,1585.23,42.074419,-120.705591,0
296067,2,No,sharp taper to tip; lanceolate-acuminate,sharp taper; lanceolate-acuminate,Yes,some spreading,Some,No,No,NA,9; 7,9; 7,9; 8,NA,NA,NA,NA,NA,NA,NA,7.3333,9.0000,0.8148,ruffled; beaded,Yes,Yes,No,No,No,No,NA,FALSE,6; 8; 5; 11; 10; 10; 7; 12; 5; 5,7.9,honeycomb; not thick walled,Yes,No,No,No,No,No,No,No,,1954/07/21,U.S.A.,ID,Idaho,2755.45,2755.45,45.30917,-116.55389,0
296178,2,No,sharp taper to tip; lanceolate-acuminate,sharp taper; lanceolate-acuminate,Yes,some spreading,Some,No,No,NA,9; 8,12; 10,8.5; 8.5,NA,NA,NA,NA,NA,NA,NA,8.8333,9.8333,0.9074,ruffled; beaded,Yes,Yes,No,No,No,No,NA,FALSE,14; 9; 14; 9; 17,12.6,NA,NA,NA,NA,NA,NA,NA,No,No,,1956/06/24,U.S.A.,ID,Butte,1738.15,1738.15,43.41667,-113.51667,0
302840,1,No,lanceolate-acuminate,lanceolate-acuminate,Yes,spreading-curved,Yes,Yes,No,NA,10; 8.5,10; 9.5,10.5; 10,9.5; 8.5,12; 11,12.5; 11,NA,NA,NA,NA,9.7500,10.7500,0.9073,ruffled; beaded,Yes,Yes,No,No,No,No,NA,FALSE,8; 21; 19; 24; 30,20.4,squarish; honeycomb; irregular,Yes,Yes,Yes,No,No,No,Yes,No,,1951/05/30,U.S.A.,ID,Blaine,1879.9,1879.9,43.423665,-113.94389,0
317184,1,No,lanceolate-acuminate,lanceolate-acuminate,Yes,spreading-curved,Yes,Yes,No,NA,9; 8,9; 7.5,9; 8,9.5; 8,14; 11.5,11; 9,NA,NA,NA,NA,8.6667,10.2500,0.8488,ruffled; beaded,Yes,Yes,No,No,No,No,NA,FALSE,4; 9; 6; 13; 12; 13,9.5,squarish; honeycomb,Yes,Yes,No,No,No,No,Yes,No,,1940/06/02,U.S.A.,WA,Skagit,0.34,0.34,48.40583,-122.645,0
321469,2,No,lanceolate-acuminate,lanceolate-acuminate,Yes,mixed,No,No,No,mixed,11.5; 11,14; 13,12; 11.5,10; 9.5,12.5; 11.5,13; 11.5,NA,NA,NA,NA,11.3333,12.1667,0.9330,ruffled; beaded,Yes,Yes,No,No,No,No,NA,FALSE,13; 9; 13; 13; 11; 18,12.83333333,squarish; some thick walled; some thin,No,Yes,No,some,No,No,No,No,,1988/05/24,U.S.A.,WA,Klickitat,60,64.66,45.6125,-121.156,0
328811,1,No,lanceolate-acuminate,lanceolate-acuminate,Yes,spreading-curved,Yes,Yes,No,NA,10; 9,9.5; 9,10; 9,11; 10.5,10; 9,11; 10,9.5; 8.5,NA,NA,NA,9.2857,10.1429,0.9151,ruffled; beaded,Yes,Yes,No,No,No,No,NA,FALSE,9; 17,13,squarish; honeycomb; irregular,Yes,Yes,Yes,No,No,No,No,No,,1993/06/20,U.S.A.,ID,Gem,759,980.61,43.959916,-116.421441,0
336172,1,No,lanceolate-acuminate,lanceolate-acuminate,Yes,spreading-curved,Yes,Yes,No,NA,9; 8,10; 9,9; 8,9.5; 8,9.5; 8,NA,NA,NA,NA,NA,8.2000,9.4000,0.8724,ruffled; beaded,Yes,Yes,No,No,No,No,NA,FALSE,6; 5; 2; 6,4.75,squarish; honeycomb; irregular,Yes,Yes,Yes,No,No,No,No,No,,1997/06/02,U.S.A.,WA,San Juan,3,1.29,48.544167,-123.014167,0
338229,1,No,lanceolate-acuminate,lanceolate-acuminate,Yes,spreading-curved,Yes,Yes,No,NA,9.5; 8.5,9.5; 8.5,10; 9,NA,NA,NA,NA,NA,NA,NA,8.6667,9.6667,0.8965,ruffled; beaded,Yes,Yes,No,No,No,No,NA,FALSE,21; 25; 24; 25,23.75,squarish; honeycomb; smooth-edged; variable,Yes,Yes,No,No,No,Yes,No,No,,1996/06/07,U.S.A.,OR,Lake,1800,1777.06,42.519,-119.68937,0
344971,1,No,lanceolate-acuminate,lanceolate-acuminate,Yes,spreading-curved,Yes,Yes,No,NA,9.5; 8,10; 8.5,10; 9,9.5; 9,NA,NA,NA,NA,NA,NA,8.6250,9.7500,0.8849,ruffled; slightly-beaded,Yes,Some,No,No,No,No,NA,FALSE,22; 17,19.5,squarish; honeycomb,Yes,Yes,No,No,No,No,Yes,No,,1993/06/04,U.S.A.,WA,Spokane,701,718.97,47.633333,-117.375,0
349824,1,No,lanceolate-acuminate,lanceolate-acuminate,Yes,spreading-curved,Yes,Yes,No,NA,7.5; 6.5,8; 7,8; 7.5,10; 9.5,7.5; 7,8.5; 7,8; 7,7.5; 7,8; 7,10; 9.5,7.2778,8.1111,0.8966,ruffled; beaded,Yes,Yes,No,No,No,No,NA,FALSE,17; 12; 9; 11; 12; 15; 12; 13; 23; 17; 18,14.45454545,squarish; honeycomb; irregular,Yes,Yes,Yes,No,No,No,Yes,No,,2000/06/10,U.S.A.,OR,Crook,1174,1162.66,44.154233,-120.266883,0
353917,2,No,lanceolate-acuminate,lanceolate-acuminate,Yes,not spreading,No,No,No,NA,NA,NA,NA,NA,NA,NA,NA,NA,NA,NA,NA,NA,NA,not beaded; not ruffled,No,No,No,No,No,No,NA,FALSE,NA,NA,NA,NA,NA,NA,NA,NA,NA,No,No,,1974/06/13,U.S.A.,ID,Latah,488,466.41,46.650167,-116.54739,0
354227,1,No,lanceolate-acuminate,lanceolate-acuminate,Yes,spreading-curved,Yes,Yes,No,NA,10.5; 9,11; 9,10; 8,10.5; 8.5,11.5; 9.5,13; 9.5,NA,NA,NA,NA,8.9167,11.0833,0.8070,ruffled; beaded,Yes,Yes,No,No,No,No,NA,FALSE,8; 12; 6,8.666666667,squarish; honeycomb,Yes,Yes,No,No,No,No,No,No,,2002/07/12,U.S.A.,WA,Whatcom,543,517.5,48.872369,-121.017697,0
354919,1,No,lanceolate-acuminate,lanceolate-acuminate,Yes,mostly spreading-curved,Yes,Yes,No,NA,9.5; 9,10.5; 9.5,11; 9.5,11.5; 9,8.5; 8,NA,NA,NA,NA,NA,9.0000,10.2000,0.8879,slightly-ruffled; beaded,Some,Yes,No,No,No,No,NA,FALSE,30; 13; 22; 16; 21; 15; 14; 14,18.125,NA,NA,NA,NA,NA,NA,NA,Yes,No,,2003/05/31,U.S.A.,ID,Gooding,1526,1526.33,43.133333,-114.766667,0
355894,1,No,lanceolate-acuminate,lanceolate-acuminate,Yes,spreading-curved,Yes,Yes,No,NA,10; 9,10; 8.5,9; 8,9.5; 8,NA,NA,NA,NA,NA,NA,8.3750,9.6250,0.8702,ruffled; beaded,Yes,Yes,No,No,No,No,NA,FALSE,7; 11,9,squarish; honeycomb,Yes,Yes,No,No,No,No,No,No,,2004/05/07,U.S.A.,WA,Island,61,68.07,48.202111,-122.731694,0
359535,1,No,lanceolate-acuminate,lanceolate-acuminate,Yes,spreading-curved,Yes,Yes,No,NA,9; 7.5,9.5; 8,9.5; 8,9; 7.5,8; 7.5,9.5; 8,NA,NA,NA,NA,7.7500,9.0833,0.8551,ruffled; beaded,Yes,Yes,No,No,No,No,NA,FALSE,16; 14; 16; 11; 16; 17; 20,15.71428571,squarish; honeycomb,Yes,Yes,No,No,No,No,No,No,,2002/07/19,U.S.A.,OR,Wallowa,1640,1652.28,45.160556,-117.034722,0
360255,1,No,lanceolate-acuminate,lanceolate-acuminate,Yes,spreading-curved,Yes,Yes,No,NA,10; 8.5,9; 8,9; 8,8; 7,10; 9,10; 8,10; 9,NA,NA,NA,8.2143,9.4286,0.8718,ruffled; beaded,Yes,Yes,No,No,No,No,NA,FALSE,8; 21; 16; 13; 17; 12; 16,14.71428571,squarish; honeycomb,Yes,Yes,No,No,No,No,Yes,No,,2002/07/19,U.S.A.,OR,Wallowa,1628,1633.52,45.1341,-116.834733,0
360577,1,No,lanceolate-acuminate,lanceolate-acuminate,Yes,spreading-curved,Yes,Yes,No,NA,9.5; 8.5,10; 8,8; 7,9.5; 8.5,12; 11,13; 9,12; 9,NA,NA,NA,8.7143,10.5714,0.8319,ruffled; beaded,Yes,Yes,No,No,No,No,NA,FALSE,11; 14; 12; 14; 14; 14,13.16666667,squarish; honeycomb,Yes,Yes,No,No,No,No,No,No,,2002/07/19,U.S.A.,OR,Wallowa,1875,1863.94,45.207833,-117.067833,0
360604,2,No,sharp taper; lanceolate-acuminate,sharp taper; lanceolate-acuminate,Yes,spreading,Yes,No,No,NA,12; 9,12.5; 9.5,11; 8.5,11; 9,NA,NA,NA,NA,NA,NA,9.0000,11.6250,0.7752,slightly-ruffled; beaded,Some,Yes,No,No,No,No,NA,FALSE,6; 10; 18; 18; 12; 20; 15,14.14285714,honeycomb; not thick walled,Yes,No,No,No,No,No,No,No,,2002/07/21,U.S.A.,OR,Wallowa,1744,1723.18,45.250517,-117.37495,0
364678,1,No,lanceolate-acuminate,lanceolate-acuminate,Yes,spreading-curved,Yes,Yes,No,NA,10; 9,10.5; 9,10; 8,11; 8.5,11; 8,11; 8,11; 9,11.5; 10,NA,NA,8.6875,10.7500,0.8090,ruffled; beaded,Yes,Yes,No,No,No,No,NA,FALSE,6; 9; 7; 14; 6; 10; 6; 16,9.25,squarish; honeycomb; irregular,Yes,Yes,Yes,No,No,No,No,No,,2005/05/29,U.S.A.,WA,San Juan,0,7.48,48.427083,-122.889233,0
366729,2,No,gradual taper,gradual taper,No,spreading,Yes,No,No,NA,10; 9.5,NA,NA,NA,NA,NA,NA,NA,NA,NA,9.5000,10.0000,0.9500,ruffled; beaded,Yes,Yes,No,No,No,No,NA,FALSE,6; 9; 7; 19,10.25,honeycomb; thick walled,Yes,No,No,Yes,No,No,No,No,,2006/06/28,U.S.A.,WA,Chelan,904,902.19,48.395283,-120.829767,0
366862,2,No,sharp taper to tip; lanceolate-acuminate,sharp taper; lanceolate-acuminate,Yes,some spreading,Some,No,No,NA,11; 10.5,12; 11.5,NA,NA,NA,NA,NA,NA,NA,NA,11.0000,11.5000,0.9564,slightly-ruffled; beaded,Some,Yes,No,No,No,No,NA,FALSE,7; 11; 17; 16,12.75,honeycomb; not thick walled,Yes,No,No,No,No,No,Yes,No,,2006/06/28,U.S.A.,WA,Chelan,390,390.27,48.309444,-120.653611,0
371680,1,No,lanceolate-acuminate,lanceolate-acuminate,Yes,spreading-curved,Yes,Yes,No,NA,11; 9,11; 9,10; 8.5,10; 9,11; 9,NA,NA,NA,NA,NA,8.9000,10.6000,0.8409,ruffled; beaded,Yes,Yes,No,No,No,No,NA,FALSE,8; 11; 8; 10; 8; 12; 11,9.714285714,squarish; honeycomb,Yes,Yes,No,No,No,No,Yes,No,,2006/05/23,U.S.A.,WA,Skagit,5,19.91,48.535681,-122.556623,0
375492,1,No,lanceolate-acuminate,lanceolate-acuminate,Yes,NA,NA,NA,NA,NA,NA,NA,NA,NA,NA,NA,NA,NA,NA,NA,NA,NA,NA,ruffled,Yes,No,No,No,No,No,NA,FALSE,15; 7; 16,12.66666667,squarish; honeycomb,Yes,Yes,No,No,No,No,NA,NA,,2007/09/21,U.S.A.,WA,San Juan,15.74,15.74,48.415278,-122.82397,0
375628,1,No,lanceolate-acuminate,lanceolate-acuminate,Yes,spreading-curved,Yes,Yes,No,NA,NA,NA,NA,NA,NA,NA,NA,NA,NA,NA,NA,NA,NA,ruffled,Yes,No,No,No,No,No,NA,FALSE,11; 14; 10; 9; 6; 11,10.16666667,squarish; honeycomb; irregular,Yes,Yes,Yes,No,No,No,NA,NA,Fruits dispersed,2007/09/21,U.S.A.,WA,San Juan,34.45,34.45,48.421,-122.823,0
375655,1,No,lanceolate-acuminate,lanceolate-acuminate,Yes,spreading-curved,Yes,Yes,No,NA,NA,NA,NA,NA,NA,NA,NA,NA,NA,NA,NA,NA,NA,ruffled; slightly-beaded,Yes,Some,No,No,No,No,NA,FALSE,15; 4,9.5,squarish; honeycomb,Yes,Yes,No,No,No,No,NA,NA,,2007/09/19,U.S.A.,WA,San Juan,16.5,16.5,48.604714,-123.015644,0
378708,1,No,lanceolate-acuminate,lanceolate-acuminate,Yes,spreading-curved,Yes,Yes,No,NA,11; 9,10; 8.5,10.5; 9.5,10.5; 9,11; 9,11; 9.5,11; 9.5,NA,NA,NA,9.1429,10.7143,0.8536,ruffled; beaded,Yes,Yes,No,No,No,No,NA,FALSE,13; 8; 11; 6; 4,8.4,squarish; honeycomb; irregular,Yes,Yes,Yes,No,No,No,No,No,,2007/06/07,U.S.A.,WA,Skagit,50.87,50.87,48.5221,-122.545467,0
380628,1,No,lanceolate-acuminate,lanceolate-acuminate,Yes,spreading-curved,Yes,Yes,No,NA,9; 8,9; 8,8; 7.5,9; 8.5,9; 8.5,9; 8,9; 8.5,11; 9.5,11; 10,NA,8.5000,9.3333,0.9122,ruffled; beaded,Yes,Yes,No,No,No,No,NA,FALSE,21; 20; 19,20,squarish; honeycomb; irregular,Yes,Yes,Yes,No,No,No,Yes,No,,1952/07/06,U.S.A.,ID,Washington,1141,809.99,44.572662,-116.67599,0
380687,2,No,sharp taper,sharp taper,No,some spreading,Some,No,No,NA,9; 8.5,8; 8,9; 8.5,NA,NA,NA,NA,NA,NA,NA,8.3333,8.6667,0.9630,ruffled; beaded,Yes,Yes,No,No,No,No,NA,FALSE,10,10,irregular; hoenycomb; not thick walled,Yes,No,Yes,No,No,No,No,No,,1964/06/25,U.S.A.,ID,Bannock,1677,1361.24,42.95791,-112.469913,0
381133,1,No,NA,NA,NA,NA,NA,NA,NA,NA,NA,NA,NA,NA,NA,NA,NA,NA,NA,NA,NA,NA,NA,ruffled; beaded,Yes,Yes,No,No,No,No,NA,FALSE,NA,NA,squarish; honeycomb,Yes,Yes,No,No,No,No,NA,NA,Very damaged.  Most measurements not available,2007/09/27,U.S.A.,WA,San Juan,0,6.65,48.753209,-122.885518,0
381567,1,No,lanceolate-acuminate,lanceolate-acuminate,Yes,spreading-curved,Yes,Yes,No,NA,11; 8.5,9; 8,11; 8.5,11; 8.5,NA,NA,NA,NA,NA,NA,8.3750,10.5000,0.8018,ruffled; beaded,Yes,Yes,No,No,No,No,NA,FALSE,6; 11; 6; 12,8.75,NA,NA,NA,NA,NA,NA,NA,No,No,No bulb,2005/05/29,U.S.A.,WA,San Juan,0,9.44,48.432,-122.802633,0
381766,1,No,lanceolate-acuminate,lanceolate-acuminate,Yes,spreading,Yes,No,No,NA,11.5; 10,11.5; 10,9; 8,12; 10.5,10; 9.5,NA,NA,NA,NA,NA,9.6000,10.8000,0.8906,ruffled; beaded,Yes,Yes,No,No,No,No,NA,FALSE,8; 9; 6; 6; 5; 9; 7; 7; 8,7.222222222,squarish; honeycomb,Yes,Yes,No,No,No,No,No,No,,2005/05/28,U.S.A.,WA,San Juan,5,1.32,48.464997,-122.839526,0
382032,1,No,lanceolate-acuminate,lanceolate-acuminate,Yes,slightly-spreading,Some,No,No,NA,11; 9,11; 9.5,10; 9,11; 10,10; 9,10.5; 9,NA,NA,NA,NA,9.2500,10.5833,0.8747,slightly-ruffled; beaded,Some,Yes,No,No,No,No,NA,FALSE,5; 10; 12; 21; 9,11.4,honeycomb; variable,Yes,No,No,No,Yes,No,NA,NA,Outermost bulb coat honeycomb.  Inner more variable,2005/05/29,U.S.A.,WA,San Juan,0,7.14,48.438217,-122.9257,0
382087,1,No,lanceolate-acuminate,lanceolate-acuminate,Yes,spreading-curved,Yes,Yes,No,NA,11; 9,10; 8,11; 9,11; 9,NA,NA,NA,NA,NA,NA,8.7500,10.7500,0.8136,ruffled; beaded,Yes,Yes,No,No,No,No,NA,FALSE,7; 12; 6; 6; 10; 14; 9,9.142857143,squarish; honeycomb,Yes,Yes,No,No,No,No,No,No,,2005/05/30,U.S.A.,WA,San Juan,3,3.08,48.458333,-122.943817,0
382392,1,No,lanceolate-acuminate,lanceolate-acuminate,Yes,spreading-curved,Yes,Yes,No,NA,10; 8.5,10; 9,10; 8.5,NA,NA,NA,NA,NA,NA,NA,8.6667,10.0000,0.8667,ruffled; beaded,Yes,Yes,No,No,No,No,NA,FALSE,3; 3; 2,2.666666667,squarish; honeycomb,Yes,Yes,No,No,No,No,NA,NA,,2005/05/29,U.S.A.,WA,San Juan,5,5.29,48.479966,-122.829217,0
382469,1,No,ovate; lanceolate-acuminate,lanceolate-acuminate; ovate,Yes,somewhat-spreading,Some,No,No,NA,10; 9,9; 8,10; 8.5,10.5; 9,10; 8,NA,NA,NA,NA,NA,8.5000,9.9000,0.8592,ruffled; beaded,Yes,Yes,No,No,No,No,NA,FALSE,6; 5; 9; 5,6.25,squarish; honeycomb,Yes,Yes,No,No,No,No,No,No,,2005/05/29,U.S.A.,WA,San Juan,0,4.23,48.432533,-122.8719,0
389175,2,No,even taper,even taper,No,some spreading,Some,No,No,NA,8.5; 7.5,10; 9,9; 8,NA,NA,NA,NA,NA,NA,NA,8.1667,9.1667,0.8904,ruffled; beaded,Yes,Yes,No,No,No,No,NA,FALSE,9; 11; 21,13.66666667,honeycomb; not thick walled,Yes,No,No,No,No,No,No,No,,2010/07/17,U.S.A.,OR,Grant,1554,1533.76,44.1522,-118.59342,0
389210,1,No,lanceolate-acuminate,lanceolate-acuminate,Yes,spreading-curved,Yes,Yes,No,NA,12; 9,12; 10,12; 10,13; 10.5,14; 11,12; 10,NA,NA,NA,NA,10.0833,12.5000,0.8072,ruffled; beaded,Yes,Yes,No,No,No,No,NA,FALSE,11; 12; 11; 13; 16,12.6,squarish; honeycomb; irregular,Yes,Yes,Yes,No,No,No,Yes,No,,2006/05/30,U.S.A.,WA,San Juan,3,2.74,48.607717,-122.954717,0
389898,1,No,lanceolate-acuminate,lanceolate-acuminate,Yes,spreading-curved,Yes,Yes,No,NA,10; 8.5,8.5; 8,9; 7.5,10; 9,10.5; 9,10.5; 9,NA,NA,NA,NA,8.5000,9.7500,0.8731,ruffled; beaded,Yes,Yes,No,No,No,No,NA,FALSE,6; 7; 8; 7; 11; 3; 4; 4,6.25,squarish; honeycomb; irregular,Yes,Yes,Yes,No,No,No,Yes,No,,2006/06/01,U.S.A.,WA,San Juan,4,1.9,48.607417,-122.953167,0
390132,1,No,lanceolate-acuminate,lanceolate-acuminate,Yes,slightly spreading-curved,Some,Some,No,NA,10; 9,9; 8,10; 9,NA,NA,NA,NA,NA,NA,NA,8.6667,9.6667,0.8963,ruffled; beaded,Yes,Yes,No,No,No,No,NA,FALSE,9; 4; 5,6,squarish; honeycomb,Yes,Yes,No,No,No,No,No,No,,2006/05/30,U.S.A.,WA,San Juan,2,3.14,48.598367,-123.024067,0
392336,1,No,lanceolate-acuminate,lanceolate-acuminate,Yes,spreading-curved,Yes,Yes,No,NA,NA,NA,NA,NA,NA,NA,NA,NA,NA,NA,NA,NA,NA,ruffled; beaded,Yes,Yes,No,No,No,No,NA,FALSE,5; 5; 4,4.666666667,squarish; honeycomb,Yes,Yes,No,No,No,No,NA,NA,"Fruits dispersed, flowers tattered",2006/09/07,U.S.A.,WA,San Juan,0,14.11,48.624588,-123.185507,0
393219,1,No,lanceolate-acuminate,lanceolate-acuminate,Yes,spreading-curved,Yes,Yes,No,NA,11; 9.5,11; 9,13; 10,NA,NA,NA,NA,NA,NA,NA,9.5000,11.6667,0.8170,ruffled; beaded,Yes,Yes,No,No,No,No,NA,FALSE,5; 7.5; 14,8.833333333,squarish; honeycomb,Yes,Yes,No,No,No,No,No,No,,2006/09/08,U.S.A.,WA,San Juan,0,11.96,48.59115,-123.017833,0
393471,1,No,lanceolate-acuminate,lanceolate-acuminate,Yes,NA,NA,NA,NA,NA,NA,NA,NA,NA,NA,NA,NA,NA,NA,NA,NA,NA,NA,ruffled,Yes,No,No,No,No,No,NA,FALSE,NA,NA,squarish; honeycomb; slightly variable,Yes,Yes,No,No,No,some,NA,NA,Tepals withered,2006/09/06,U.S.A.,WA,San Juan,0,9.44,48.432,-122.802633,0
393480,1,No,lanceolate-acuminate,lanceolate-acuminate,Yes,spreading-curved,Yes,Yes,No,NA,13; 11,10.5; 8.5,11; 9.5,11.5; 10,NA,NA,NA,NA,NA,NA,9.7500,11.5000,0.8472,ruffled; beaded,Yes,Yes,No,No,No,No,NA,TRUE,4; 5; 7; 6; 7; 5; 8; 3,5.625,squarish; honeycomb,Yes,Yes,No,No,No,No,Yes,No,,2009/05/28,U.S.A.,WA,San Juan,8,4.54,48.66315,-123.1729,0
393504,1,No,lanceolate-acuminate,lanceolate-acuminate,Yes,spreading-curved,Yes,Yes,No,NA,11; 8.5,10; 9,9; 8.5,10.5; 9.5,9; 7,10.5; 9,11; 9,NA,NA,NA,8.6429,10.1429,0.8536,ruffled; beaded,Yes,Yes,No,No,No,No,NA,FALSE,9; 9; 8; 11; 6; 3; 13; 6; 3; 4; 5,7.333333333,squarish; honeycomb,Yes,Yes,No,No,No,No,No,No,,NA,NA,NA,NA,14.75,14.75,48.545076,-122.853986,0
393551,1,No,lanceolate-acuminate,lanceolate-acuminate,Yes,spreading-curved,Yes,Yes,No,NA,10.5; 9,9.5; 8,11; 9.5,9; 8,NA,NA,NA,NA,NA,NA,8.6250,10.0000,0.8629,ruffled; beaded,Yes,Yes,No,No,No,No,NA,TRUE,5; 6; 5; 7; 12; 9,5.833333333,squarish; honeycomb,Yes,Yes,No,No,No,No,Yes,No,,2009/05/28,U.S.A.,WA,San Juan,1,2.72,48.600933,-123.168267,0
393588,1,No,lanceolate-acuminate,lanceolate-acuminate,Yes,spreading-curved,Yes,Yes,No,NA,13; 10,10; 8.75,10.5; 9.5,9.5; 8.5,10; 9,NA,NA,NA,NA,NA,9.1500,10.6000,0.8687,ruffled; beaded,Yes,Yes,No,No,No,No,NA,TRUE,4; 4; 8; 3; 6; 10,7,squarish; honeycomb,Yes,Yes,No,No,No,No,Yes,No,,2009/05/28,U.S.A.,WA,San Juan,6,2.58,48.647833,-123.125283,0
394118,1,No,lanceolate-acuminate,lanceolate-acuminate,Yes,spreading-curved,Yes,Yes,No,NA,11; 9.5,11; 9.5,9.5; 8.5,10; 8,11; 9.5,10.5; 8.5,NA,NA,NA,NA,8.9167,10.5000,0.8492,ruffled; beaded,Yes,Yes,No,No,No,No,NA,FALSE,12; 4; 4; 7; 3; 3; 3,5.142857143,NA,NA,NA,NA,NA,NA,NA,Yes,No,,2008/05/28,U.S.A.,WA,San Juan,9,5.18,48.76434,-122.88818,0
394448,1,No,lanceolate-acuminate,lanceolate-acuminate,Yes,spreading-curved,Yes,Yes,No,NA,11.5; 10,11; 9,11.5; 10,10.5; 9,10; 9,10; 8.5,NA,NA,NA,NA,9.2500,10.7500,0.8607,ruffled; beaded,Yes,Yes,No,No,No,No,NA,FALSE,7; 17; 11; 8; 9; 12; 12; 8,10.5,squarish; honeycomb; irregular,Yes,Yes,Yes,No,No,No,No,No,,2009/05/29,U.S.A.,WA,San Juan,8.24,8.24,48.76422,-122.88631,0
394451,1,No,ovate; lanceolate-acuminate,lanceolate-acuminate; ovate,Yes,NA,NA,NA,NA,NA,NA,NA,NA,NA,NA,NA,NA,NA,NA,NA,NA,NA,NA,ruffled,Yes,No,No,No,No,No,NA,FALSE,NA,NA,squarish; honeycomb,Yes,Yes,No,No,No,No,NA,NA,"Flowers just opening, too young to measure",2009/05/29,U.S.A.,WA,San Juan,0.9,0.9,48.7637,-122.8865,0
394475,1,No,lanceolate-acuminate,lanceolate-acuminate,Yes,spreading-curved,Yes,Yes,No,NA,10; 8,9; 8,11.5; 10,11; 10,10.5; 10,NA,NA,NA,NA,NA,9.2000,10.4000,0.8840,ruffled,Yes,No,No,No,No,No,NA,TRUE,5; 9; 7; 3; 7; 8; 6; 3; 7; 5; 3; 10; 6; 9; 5,6.2,squarish; honeycomb,Yes,Yes,No,No,No,No,Yes,No,,2009/05/28,U.S.A.,WA,San Juan,6,0.65,48.597617,-123.1747,0
394510,1,No,lanceolate-acuminate,lanceolate-acuminate,Yes,spreading-curved,Yes,Yes,No,NA,13; 10,14; 11.5,11.5; 10,10.5; 9,11; 9,11.5; 9.5,9.5; 8,NA,NA,NA,9.5714,11.5714,0.8291,ruffled; beaded,Yes,Yes,No,No,No,No,NA,FALSE,6; 6; 9,7,squarish; honeycomb,Yes,Yes,No,No,No,No,No,No,,2008/05/30,U.S.A.,WA,San Juan,0,1.28,48.422434,-122.851105,0
395218,1,No,lanceolate-acuminate,lanceolate-acuminate,Yes,spreading-curved,Yes,Yes,No,NA,14; 10,12; 10,11; 10,12.5; 10,12; 10,NA,NA,NA,NA,NA,10.0000,12.3000,0.8180,ruffled; beaded,Yes,Yes,No,No,No,No,NA,TRUE,11; 5; 8; 10,8.5,squarish; honeycomb; slightly variable,Yes,Yes,No,No,No,some,No,No,,2008/05/30,U.S.A.,WA,San Juan,12.43,12.43,48.423333,-122.827222,0
395267,1,No,lanceolate-acuminate,lanceolate-acuminate,Yes,spreading-curved,Yes,Yes,No,NA,13; 9,12; 9.5,12.5; 10,13; 10.5,13; 10.5,12; 9.5,NA,NA,NA,NA,9.8333,12.5833,0.7818,ruffled; beaded,Yes,Yes,No,No,No,No,NA,TRUE,7; 15; 2,8,squarish; honeycomb; slightly variable,Yes,Yes,No,No,No,some,No,No,,2008/05/28,U.S.A.,WA,San Juan,9,0.1,48.76451,-122.88758,0
396029,1,No,lanceolate-acuminate,lanceolate-acuminate,Yes,spreading-curved,Yes,Yes,No,NA,11; 9,10.5; 9,10; 8.5,10.5; 8,NA,NA,NA,NA,NA,NA,8.6250,10.5000,0.8218,ruffled; beaded,Yes,Yes,No,No,No,No,NA,NA,8; 10; 14,10.66666667,squarish; honeycomb,Yes,Yes,No,No,No,No,NA,NA,Fruits dispersed,2006/09/06,U.S.A.,WA,San Juan,0,0,48.419321,-122.869299,0
396162,1,No,lanceolate-acuminate,lanceolate-acuminate,Yes,spreading-curved,Yes,Yes,No,NA,11; 9,11.5; 10,10; 8,10.5; 9,NA,NA,NA,NA,NA,NA,9.0000,10.7500,0.8362,ruffled; beaded,Yes,Yes,No,No,No,No,NA,FALSE,NA,NA,squarish; honeycomb,Yes,Yes,No,No,No,No,No,No,,2008/05/28,U.S.A.,WA,San Juan,10.46,10.46,48.76455,-122.88093,0
396792,2,No,sharp taper; lanceolate-acuminate,sharp taper; lanceolate-acuminate,Yes,some spreading,Some,No,No,NA,11; 9,10; 8,8; 7.5,NA,NA,NA,NA,NA,NA,NA,8.1667,9.6667,0.8519,ruffled; beaded,Yes,Yes,No,No,No,No,NA,FALSE,9; 16; 12; 13; 8; 9; 9; 6; 7; 17; 10,10.54545455,honeycomb; not thick walled,Yes,No,No,No,No,No,No,No,,2007/07/20,U.S.A.,OR,Harney,2351,2352.01,42.720483,-118.623817,0
399313,1,No,lanceolate-acuminate,lanceolate-acuminate,Yes,spreading-curved; twisted; varied,Yes,Yes,Yes,varied,8.5; 7.5,8; 7,8.5; 7.5,8.5; 7.5,8; 7,NA,NA,NA,NA,NA,7.3000,8.3000,0.8794,ruffled; beaded,Yes,Yes,No,No,No,No,NA,FALSE,14; 11,12.5,squarish; honeycomb,Yes,Yes,No,No,No,No,No,No,,1987/06/09,U.S.A.,WA,Chelan,348.1,348.1,47.58472,-120.67722,0
403595,1,No,lanceolate-acuminate,lanceolate-acuminate,Yes,spreading-curved,Yes,Yes,No,NA,13; 10,12; 10,12; 9.5,11.5; 9,12; 10,NA,NA,NA,NA,NA,9.7000,12.1000,0.8020,ruffled; slightly-beaded,Yes,Some,No,No,No,No,NA,FALSE,NA,NA,squarish; honeycomb,Yes,Yes,No,No,No,No,NA,NA,,2009/09/24,U.S.A.,WA,San Juan,12,10.46,48.76455,-122.88093,0
404630,2,Unsure,sharp taper to tip; lanceolate-acuminate,sharp taper; lanceolate-acuminate,Yes,some spreading,Some,No,No,NA,11.5; 10.5,11.5; 10,NA,NA,NA,NA,NA,NA,NA,NA,10.2500,11.5000,0.8913,some ruffled; some beaded,Some,Some,No,No,No,No,NA,FALSE,11; 10,10.5,honeycomb; not thick walled,Yes,No,No,No,No,No,No,No,,2011/06/24,U.S.A.,ID,Adams,744,944.09,44.85375,-116.81964,0
404726,1,No,lanceolate-acuminate,lanceolate-acuminate,Yes,spreading-curved,Yes,Yes,No,NA,10; 9,NA,NA,NA,NA,NA,NA,NA,NA,NA,9.0000,10.0000,0.9000,ruffled; beaded,Yes,Yes,No,No,No,No,NA,TRUE,6; 6; 10; 5; 15; 4; 7; 7,7.5,squarish; honeycomb; irregular,Yes,Yes,Yes,No,No,No,No,No,"Most flowers not open, unable to measure",2011/06/01,U.S.A.,WA,Skagit,20,67.34,48.608981,-122.608264,0
406401,1,No,lanceolate-acuminate,lanceolate-acuminate,Yes,spreading-curved,Yes,Yes,No,NA,10; 9.5,9; 9,11; 10,11; 11,9.5; 9,11; 10.5,10.5; 10,NA,NA,NA,9.8571,10.2857,0.9591,ruffled; beaded,Yes,Yes,No,No,No,No,NA,FALSE,21; 30; 26; 18,23.75,squarish; honeycomb; irregular,Yes,Yes,Yes,No,No,No,Yes,Yes,,2011/06/24,U.S.A.,ID,Adams,1358,1359.01,44.8689,-116.6415,0
406897,1,No,lanceolate-acuminate,lanceolate-acuminate,Yes,spreading-curved,Yes,Yes,No,NA,10; 9,10.5; 10,10; 9,10; 9,9; 8,NA,NA,NA,NA,NA,9.0000,9.9000,0.9083,ruffled; beaded,Yes,Yes,No,No,No,No,NA,FALSE,14; 17; 22; 22; 13; 18; 14; 20,17.5,squarish; honeycomb; irregular,Yes,Yes,Yes,No,No,No,Yes,Yes,,2011/06/24,U.S.A.,ID,Adams,1250,1255.93,45.06202,-116.76025,0
409317,1,No,lanceolate-acuminate,lanceolate-acuminate,Yes,slightly spreading-curved,Some,Some,No,NA,8.5; 8,7; 6.5,7; 6,6; 5.5,NA,NA,NA,NA,NA,NA,6.5000,7.1250,0.9109,slightly-ruffled; beaded,Some,Yes,No,No,No,No,NA,FALSE,28,28,squarish; honeycomb; irregular,Yes,Yes,Yes,No,No,No,No,No,,2016/05/16,U.S.A.,WA,Lincoln,713,711.45,47.646944,-118.394167,0
419627,1,No,lanceolate-acuminate,lanceolate-acuminate,Yes,spreading-curved,Yes,Yes,No,NA,11; 10,11; 10,11; 9,11; 8.5,11; 10,NA,NA,NA,NA,NA,9.5000,11.0000,0.8636,ruffled; beaded,Yes,Yes,No,No,No,No,NA,FALSE,20; 16; 9; 16; 12,14.6,NA,NA,NA,NA,NA,NA,NA,No,No,No bulb,2018/06/12,U.S.A.,WA,Jefferson,3.68,3.68,48.101126,-122.688564,0
421455,1,No,lanceolate-acuminate,lanceolate-acuminate,Yes,spreading-curved,Yes,Yes,No,NA,10; 9,10.5; 9.5,10; 9,9; 8.5,11.5; 10.5,11; 9,11; 10,10.5; 9.5,NA,NA,9.3750,10.4375,0.8993,ruffled; beaded,Yes,Yes,No,No,No,No,NA,FALSE,20; 12; 23; 20,18.75,squarish; honeycomb; irregular,Yes,Yes,Yes,No,No,No,No,No,,2017/06/11,U.S.A.,WA,Chelan,640,588.3,47.684,-120.661,0
421621,1,No,lanceolate-acuminate,lanceolate-acuminate,Yes,spreading-curved,Yes,Yes,No,NA,10; 7,10; 7,11.5; 9,9; 8,10; 8.5,9; 8,10; 8,11; 9.5,10; 9,NA,8.2222,10.0556,0.8193,ruffled; beaded,Yes,Yes,No,No,No,No,NA,FALSE,6; 9; 12; 16; 16; 13; 18,12.85714286,squarish; honeycomb; irregular,Yes,Yes,Yes,No,No,No,No,No,,2018/07/14,U.S.A.,OR,Union,1970,1982.33,44.99575,-118.353231,0
423441,2,No,lanceolate-acuminate,lanceolate-acuminate,Yes,spreading-curved,Yes,Yes,No,NA,11; 10,11; 9,10; 9,10; 8.5,12; 10,12; 10,NA,NA,NA,NA,9.4167,11.0000,0.8573,slightly-ruffled; beaded,Some,Yes,No,No,No,No,NA,FALSE,16; 15; 13; 9,13.25,squarish; irregular; honeycomb; not very thick-walled,Yes,Yes,Yes,No,No,No,No,No,,2018/07/14,U.S.A.,OR,Grant,1780,1792.24,44.97844,-118.370165,0
424888,1,No,lanceolate-acuminate,lanceolate-acuminate,Yes,spreading-curved,Yes,Yes,No,NA,11; 9,10; 9,9; 8,8.5; 7.5,10; 9,10; 9,9; 7.5,9; 8,NA,NA,8.3750,9.5625,0.8765,ruffled; beaded,Yes,Yes,No,No,No,No,NA,FALSE,15; 15; 17; 22,17.25,squarish; honeycomb; irregular,Yes,Yes,Yes,No,No,No,Yes,No,,2013/05/21,U.S.A.,WA,Asotin,967,974.42,46.06192,-117.33096,0
15182JWT,1,No,lanceolate-acuminate,lanceolate-acuminate,Yes,spreading-curved,Yes,Yes,No,NA,10; 9,9; 7.5,10; 8,11; 9,11; 9,8; 7,NA,NA,NA,NA,8.2500,9.8333,0.8408,ruffled; beaded,Yes,Yes,No,No,No,No,NA,FALSE,14; 8; 13; 13; 19; 18; 10; 9,13,squarish; honeycomb; irregular,Yes,Yes,Yes,No,No,No,No,No,,1936/07/20,U.S.A.,OR,Baker,1442.35,1442.35,45.008214,-117.192675,0
24887JWT,1,No,lanceolate-acuminate,lanceolate-acuminate,Yes,mostly spreading-curved,Yes,Yes,No,NA,10; 9,9; 8,9; 7.5,10; 9,10; 9,9.5; 8,NA,NA,NA,NA,8.4167,9.5833,0.8774,ruffled; beaded,Yes,Yes,No,No,No,No,NA,FALSE,58; 40,49,squarish; honeycomb; irregular,Yes,Yes,Yes,No,No,No,No,No,,1927/06/22,U.S.A.,OR,Lake,1715.09,1715.09,42.188571,-120.130696,0
24897JWT,2,No,even taper,even taper,No,some spreading,Some,No,No,NA,11.5; 10.5,11; 9,11.5; 10.5,NA,NA,NA,NA,NA,NA,NA,10.0000,11.3333,0.8814,ruffled; beaded,Yes,Yes,No,No,No,No,NA,FALSE,6; 10; 8,8,NA,NA,NA,NA,NA,NA,NA,No,No,,1928/06/24,U.S.A.,OR,Wasco,807.16,807.16,45.114166,-121.42061,0
5267B,2,No,sharp taper to tip; lanceolate-acuminate,sharp taper; lanceolate-acuminate,Yes,some spreading,Some,No,No,NA,9; 9,9; 8,NA,NA,NA,NA,NA,NA,NA,NA,8.5000,9.0000,0.9444,slightly-ruffled,Some,No,No,No,No,No,NA,FALSE,13,13,NA,NA,NA,NA,NA,NA,NA,No,No,,NA,NA,NA,NA,579.64,579.64,47.30028,-117.97444,0
5267D,2,No,sharp taper to tip; lanceolate-acuminate,sharp taper; lanceolate-acuminate,Yes,spreading-curved,Yes,Yes,No,NA,12.5; 11,12.5; 10,NA,NA,NA,NA,NA,NA,NA,NA,10.5000,12.5000,0.8400,ruffled; beaded,Yes,Yes,No,No,No,No,NA,FALSE,8,8,NA,NA,NA,NA,NA,NA,NA,No,No,,NA,NA,NA,NA,0,0,48.619522,-122.858149,0
5420,2,Probably,gradual taper,gradual taper,No,some spreading,Some,No,No,NA,10.3; 10,9.5; 9,11; 10.5,10; 10,10; 9.5,8.5; 8.5,NA,NA,NA,NA,9.5833,9.8833,0.9705,slightly-ruffled; low-denticulate,Some,No,Yes,No,No,No,NA,FALSE,23; 11; 14; 19; 16,16.6,irregular; honeycomb,Yes,No,Yes,No,No,No,No,Yes,,1896/06/06,U.S.A.,WA,Kittitas,468.22,468.22,46.996514,-120.547847,1
35801,2,Unsure,gradual taper,gradual taper,No,slightly-spreading,Some,No,No,NA,11; 10,11; 10,10; 9,11; 10,11.5; 10.5,NA,NA,NA,NA,NA,9.9000,10.9000,0.9081,tightly rolled,No,No,No,No,No,Yes,NA,FALSE,15,15,irregular; honeycomb; not thick walled,Yes,No,Yes,No,No,No,No,No,,1936/05/27,U.S.A.,WA,Yakima,528.19,528.19,46.63028,-120.55111,1
94630,2,Yes,gradual taper,gradual taper,No,spreading-curved,Yes,Yes,No,NA,11; 10,11; 10,13; 12,12.5; 12,12; 11,11.5; 11,NA,NA,NA,NA,11.0000,11.8333,0.9291,slightly-ruffled,Some,No,No,No,No,No,NA,FALSE,13; 20; 13; 21; 16; 29,18.66666667,NA,NA,NA,NA,NA,NA,NA,No,Yes,no bulb,1932/06/20,U.S.A.,WA,Kittitas,831,858.95,46.914718,-120.666736,1
109716,2,Unsure,lanceolate-acuminate,lanceolate-acuminate,Yes,spreading-curved,Yes,Yes,No,NA,10; 9,11; 9.5,10.5; 9.5,11.5; 11,11; 10,13; 11.5,NA,NA,NA,NA,10.0833,11.1667,0.9031,ruffled; denticulate; beaded,Yes,Yes,Yes,No,No,No,NA,FALSE,21; 13; 22; 17; 27; 20,20,squarish; honeycomb; not thick-walled,Yes,Yes,No,No,No,No,Yes,No,,1932/06/21,U.S.A.,WA,Klickitat,869,637.88,45.871998,-120.747104,1
118376,1,No,lanceolate-acuminate,lanceolate-acuminate,Yes,spreading-curved; straight; varied,Yes,Yes,No,varied; straight,11; 9.5,11; 9.5,11; 10.5,10; 9.5,NA,NA,NA,NA,NA,NA,9.7500,10.7500,0.9080,ruffled; slightly-beaded,Yes,Some,No,No,No,No,NA,FALSE,10; 9; 11; 7,9.25,squarish; honeycomb,Yes,Yes,No,No,No,No,No,No,,1924/05/20,U.S.A.,WA,Skamania,418.37,418.37,45.793118,-121.640474,1
129468,2,Yes,gradual taper,gradual taper,No,not spreading,No,No,No,NA,12.5; 11.8,11; 10,14; 12,12; 11,14; 12,NA,NA,NA,NA,NA,11.3600,12.7000,0.8968,some low-rounded denticulate; rolled,No,No,Some,No,No,Yes,NA,FALSE,24; 24; 18,22,squarish; honeycomb; irregular; sinuous,Yes,Yes,Yes,No,Yes,No,No,Yes,,1932/06/20,U.S.A.,WA,Kittitas,831,858.95,46.914718,-120.666736,1
316162,1,No,lanceolate-acuminate,lanceolate-acuminate,Yes,Not very spreading-curved,No,No,No,NA,12; 11,11; 10,10.5; 10.5,10; 9.5,8; 9,8.5; 8.5,8.5; 8.5,11; 10.5,NA,NA,9.6875,9.9375,0.9819,ruffled; beaded,Yes,Yes,No,No,No,No,NA,FALSE,14; 23; 14,17,squarish; honeycomb,Yes,Yes,No,No,No,No,Yes,No,,1942/05/17,U.S.A.,WA,Kittitas,610,594.14,46.98383,-120.06403,1
322045,2,Yes,gradual taper; narrow,gradual taper; narrow,No,spreading-curved,Yes,Yes,No,NA,13.5; 13.5,13.5; 13,11; 11,12; 11,12; 11,11.5; 11,NA,NA,NA,NA,11.7500,12.2500,0.9588,some low-rounded denticulate; rolled,No,No,Some,No,No,Yes,NA,FALSE,14; 8; 11,11,irregular; honeycomb,Yes,No,Yes,No,No,No,No,Yes,,1956/07/13,U.S.A.,WA,Yakima,1341,1360.74,46.81889,-121.11833,1
333381,2,Yes,gradual taper,gradual taper,No,slightly spreading; twisted,Some,No,Yes,NA,10; 9,10; 9,9.5; 9,NA,NA,NA,NA,NA,NA,NA,9.0000,9.8333,0.9158,not ruffled; low scallops,No,No,No,No,Yes,No,NA,FALSE,16; 13; 11; 6,11.5,NA,NA,NA,NA,NA,NA,NA,Yes,Yes,no bulb,1994/05/22,U.S.A.,WA,Benton,1037,1010.51,46.410834,-119.629119,1
335016,1,No,lanceolate-acuminate,lanceolate-acuminate,Yes,not spread; not recurved,No,No,No,NA,14; 12,12; 9.5,12.5; 12,13; 12.5,13; 12.5,13; 12.5,NA,NA,NA,NA,11.8333,12.9167,0.9156,ruffled; not beaded,Yes,No,No,No,No,No,NA,FALSE,24; 22; 13; 21,20,NA,NA,NA,NA,NA,NA,NA,Yes,No,"No bulb; Ovary shape variable, some crested and some spherical",1997/05/18,U.S.A.,WA,Klickitat,585.98,585.98,45.8607,-120.5422,1
343468,2,Yes,gradual taper,gradual taper,No,some spreading; mostly upright,Some,No,No,upright,11; 10,11; 10,11; 10,11; 10.5,10.5; 10.5,NA,NA,NA,NA,NA,10.2000,10.9000,0.9364,not ruffled; low scallops,No,No,No,No,Yes,No,NA,FALSE,11; 20; 15; 17; 12,15,NA,NA,NA,NA,NA,NA,NA,No,Yes,no bulb,1992/05/23,U.S.A.,WA,Yakima,348,356.29,46.633333,-120.583333,1
344671,2,Yes,gradual taper,gradual taper,No,not very spreading,No,No,No,NA,12; 11,12.5; 11,12.5; 11,11; 10.3,NA,NA,NA,NA,NA,NA,10.8250,12.0000,0.9033,rolled; undulating,No,No,No,Yes,No,Yes,NA,FALSE,10; 10; 11; 16,11.75,irregular; sinuous,No,No,Yes,No,Yes,No,No,Yes,,1992/06/14,U.S.A.,WA,Yakima,1061,1143.23,46.8875,-120.916667,1
344683,2,Yes,gradual taper,gradual taper,No,not very spreading,No,No,No,NA,10; 10,10; 10,NA,NA,NA,NA,NA,NA,NA,NA,10.0000,10.0000,1.0000,slightly-denticulate; slightly-ruffled,Some,No,Some,No,No,No,NA,FALSE,7,7,squarish; honeycomb; irregular,Yes,Yes,Yes,No,No,No,No,Yes,,1992/06/14,U.S.A.,WA,Yakima,1549,1372.06,46.816667,-120.85,1
355401,2,Yes,gradual taper,gradual taper,No,not spreading,No,No,No,NA,12; 11,11; 10,11; 10.5,NA,NA,NA,NA,NA,NA,NA,10.5000,11.3333,0.9268,undulating edge; slightly thickened,No,No,No,Yes,No,No,slightly thickened,FALSE,9,9,honeycomb,Yes,No,No,No,No,No,No,Yes,,1937/07/09,U.S.A.,WA,Kittitas,1067,1371.28,46.9345,-120.9293,1
359022,1,No,lanceolate-acuminate,lanceolate-acuminate,Yes,not spread; not recurved,No,No,No,NA,NA,NA,NA,NA,NA,NA,NA,NA,NA,NA,NA,NA,NA,ruffled; not beaded,Yes,No,No,No,No,No,NA,FALSE,NA,NA,NA,NA,NA,NA,NA,NA,NA,Yes,No,No bulb; Flowers were not measured,1933/04/22,U.S.A.,WA,Klickitat,141.5,141.5,45.81722,-121.15139,1
365697,2,Yes,Some sharp taper; some gradual taper; lanceolate-acuminate,some sharp taper; some gradual taper; lanceolate-acuminate,Yes,some spreading,Some,No,No,NA,10; 10,12; 11.5,9; 9,12; 12,10; 9,10; 9,NA,NA,NA,NA,10.0833,10.5000,0.9597,some scalloped-denticulate,No,No,Yes,No,Some,No,NA,FALSE,10; 20; 18; 8; 20; 16; 12; 12,14.5,honeycomb; very sinuous,Yes,No,No,No,Yes,No,Yes,Yes,,2007/06/29,U.S.A.,WA,Kittitas,1220,1219.05,47.151667,-120.948333,1
371062,2,No,even taper,even taper,No,some spreading,Some,No,No,NA,12.5; 12,12; 11,12; 11,NA,NA,NA,NA,NA,NA,NA,11.3333,12.1667,0.9311,slightly-ruffled,Some,No,No,No,No,No,NA,FALSE,15; 14; 9; 9; 9,11.2,honeycomb; not thick walled,Yes,No,No,No,No,No,No,No,,2006/07/07,U.S.A.,WA,Kittitas,1209,1199.49,47.178167,-120.5967,1
377862,2,Yes,gradual taper,gradual taper,No,upright; twisted,No,No,Yes,upright,13.5; 12,12; 11,12; 11,12.5; 11.5,13; 12,NA,NA,NA,NA,NA,11.5000,12.6000,0.9131,not ruffled; low denticulate,No,No,Yes,No,No,No,NA,FALSE,13; 13; 15,13.66666667,irregular; squarish; honeycomb; very thick walled,Yes,Yes,Yes,Yes,No,No,Yes,Yes,,2007/05/25,U.S.A.,WA,Kittitas,584,588.28,47.08675,-120.749617,1
378776,2,Unsure,gradual taper,gradual taper,No,not spreading,No,No,No,NA,10.5; 10,10; 9.5,12; 11,NA,NA,NA,NA,NA,NA,NA,10.1667,10.8333,0.9397,slightly irregular; beaded; denticulate,No,Yes,Yes,No,No,No,slightly irregular,FALSE,9; 15; 12,12,irregular; honeycomb; not thick walled,Yes,No,Yes,No,No,No,No,Yes,,2008/06/09,U.S.A.,WA,Yakima,851,855.93,46.73701,-120.91067,1
380070,2,Yes,gradual taper,gradual taper,No,not spreading,No,No,No,NA,13; 11,12; 10,14; 12,NA,NA,NA,NA,NA,NA,NA,11.0000,13.0000,0.8455,ruffled; beaded; denticulate,Yes,Yes,Yes,No,No,No,NA,FALSE,23; 16; 6; 6,12.75,irregular; honeycomb,Yes,No,Yes,No,No,No,No,Yes,,2008/06/10,U.S.A.,WA,Yakima,702,702.6,46.72625,-120.85255,1
383177,2,No,sharp taper to tip; lanceolate-acuminate,sharp taper; lanceolate-acuminate,Yes,not spreading,No,No,No,NA,10; 9.5,12; 11.5,NA,NA,NA,NA,NA,NA,NA,NA,10.5000,11.0000,0.9542,ruffled; beaded,Yes,Yes,No,No,No,No,NA,FALSE,12; 13,12.5,honeycomb; somewhat thick walled,Yes,No,No,some,No,No,Yes,No,,2008/05/22,U.S.A.,WA,Douglas,483,486.62,47.49858,-119.91239,1
385440,2,No,lanceolate-acuminate,lanceolate-acuminate,Yes,slightly-spreading,Some,No,No,NA,11.5; 10.5,12; 11,13; 12,12; 10.5,11; 10.5,10.5; 10,NA,NA,NA,NA,10.7500,11.6667,0.9225,ruffled; beaded,Yes,Yes,No,No,No,No,NA,FALSE,15; 13; 14; 24,16.5,NA,NA,NA,NA,NA,NA,NA,No,No,,1980/06/03,U.S.A.,WA,Klickitat,945.35,945.35,45.9479,-120.5215,1
388478,2,Yes,gradual taper,gradual taper,No,some spreading,Some,No,No,NA,11.5; 11.5,11; 10,NA,NA,NA,NA,NA,NA,NA,NA,10.7500,11.2500,0.9545,slightly-ruffled; denticulate,Some,No,Yes,No,No,No,NA,FALSE,12; 18,15,honeycomb; not thick walled,Yes,No,No,No,No,No,No,Yes,,2006/05/20,U.S.A.,WA,Skamania,28,32.85,45.709867,-121.670233,1
392595,2,Unsure,even taper,even taper,No,some spreading,Some,No,No,NA,11; 10.5,11; 11,12; 11.5,NA,NA,NA,NA,NA,NA,NA,11.0000,11.3333,0.9710,slightly undulate; not ruffled; not beaded,No,No,No,Some,No,No,NA,FALSE,9; 15; 4; 13; 16,11.4,honeycomb; not thick walled,Yes,No,No,No,No,No,Yes,No,,2011/07/14,U.S.A.,WA,Yakima,1644,1642.03,46.90679,-121.15223,1
398650,1,No,lanceolate-acuminate,lanceolate-acuminate,Yes,mostly spreading-curved,Yes,Yes,No,NA,10; 8,9; 8,9; 8.5,10; 9,11; 10,11; 10.5,NA,NA,NA,NA,9.0000,10.0000,0.8995,ruffled; beaded,Yes,Yes,No,No,No,No,NA,FALSE,18; 18; 15; 15,16.5,squarish; honeycomb; irregular,Yes,Yes,Yes,No,No,No,No,No,,2009/06/05,U.S.A.,WA,Grant,489,496.46,47.31649,-119.87733,1
404270,1,No,lanceolate-acuminate,lanceolate-acuminate,Yes,spreading; twisted,Yes,No,Yes,NA,10; 9,10; 9,11; 9.5,11; 10,NA,NA,NA,NA,NA,NA,9.3750,10.5000,0.8932,ruffled; beaded,Yes,Yes,No,No,No,No,NA,FALSE,14; 17; 23; 20; 19; 22,19.16666667,NA,NA,NA,NA,NA,NA,NA,Yes,No,,2015/06/04,U.S.A.,WA,Yakima,655,645.72,46.871,-120.972,1
406762,2,No,gradual taper,gradual taper,No,incurved,No,No,No,incurved,7; 7,8; 8,NA,NA,NA,NA,NA,NA,NA,NA,7.5000,7.5000,1.0000,not beaded; not ruffled,No,No,No,No,No,No,NA,FALSE,15; 17,16,honeycomb,Yes,No,No,No,No,No,No,No,,2010/06/30,U.S.A.,WA,Kittitas,1108,1090.39,47.17687,-120.21221,1
415920,2,Yes,lanceolate-acuminate,lanceolate-acuminate,Yes,spreading,Yes,No,No,NA,12; 10.5,11.5; 10.5,12; 10,11.5; 10,12; 10.5,NA,NA,NA,NA,NA,10.3000,11.8000,0.8732,ruffled; beaded,Yes,Yes,No,No,No,No,NA,FALSE,21; 28; 20,23,honeycomb; not thick walled,Yes,No,No,No,No,No,No,No,,2016/05/17,U.S.A.,WA,Klickitat,672.66,672.66,45.836967,-120.697454,1
420491,1,No,lanceolate-acuminate,lanceolate-acuminate,Yes,spreading-curved,Yes,Yes,No,NA,9.5; 9.5,9; 9,9.5; 9,10; 10,10; 10,10; 9,9; 8,10.5; 10,NA,NA,9.3125,9.6875,0.9611,slightly-ruffled; beaded,Some,Yes,No,No,No,No,NA,FALSE,13; 21; 25; 25; 17,20.2,squarish; honeycomb; irregular,Yes,Yes,Yes,No,No,No,No,No,,2015/05/26,U.S.A.,WA,Kittitas,823,826.45,46.97933,-120.21009,1
16726JWT,2,Yes,gradual taper; narrow,gradual taper; narrow,No,spreading-curved,Yes,Yes,No,NA,9.5; 9,9.3; 9,9.5; 9.2,9.5; 9,10.5; 10,NA,NA,NA,NA,NA,9.2400,9.6600,0.9567,slightly-ruffled; denticulate,Some,No,Yes,No,No,No,NA,FALSE,14; 10; 8; 10,10.5,finely sinuous; honeycomb,No,No,No,No,Yes,No,No,Yes,,1937/05/30,U.S.A.,WA,Kittitas,784.45,784.45,46.996286,-120.249522,1
21715JWT,2,No,lanceolate-acuminate,lanceolate-acuminate,Yes,some spreading,Some,No,No,NA,9.5; 8.5,10; 9.5,10.5; 10,11; 10.5,11; 10.5,9.5; 9,NA,NA,NA,NA,9.6667,10.2500,0.9423,ruffled; beaded,Yes,Yes,No,No,No,No,NA,FALSE,23; 22; 22; 25; 17,21.8,irregular; honeycomb; thick walled,Yes,No,Yes,Yes,No,No,No,No,,1940/06/01,U.S.A.,WA,Douglas,1220,609.58,47.43917,-120.07278,1
5267A,2,No,even,even taper,No,spreading-curved,Yes,Yes,No,NA,14; 13,15; 13,NA,NA,NA,NA,NA,NA,NA,NA,13.0000,14.5000,0.8976,not beaded; not ruffled,No,No,No,No,No,No,NA,FALSE,25,25,honeycomb,Yes,No,No,No,No,No,No,No,,NA,NA,NA,NA,324.69,324.69,46.60222,-120.50472,1
5267C,2,Yes,even taper,even taper,No,not spreading,No,No,No,NA,13; 11.5,12.5; 11,NA,NA,NA,NA,NA,NA,NA,NA,11.2500,12.7500,0.8823,slightly undulate; not ruffled,No,No,No,Some,No,No,NA,FALSE,23,23,honeycomb; thick walled,Yes,No,No,Yes,No,No,Yes,Yes,,NA,NA,NA,NA,277.94,277.94,46.48245,-120.51294,1
D1565,2,Yes,gradual taper; sharp,gradual taper; sharp,No,not spreading,No,No,No,NA,11; 10,10; 8,NA,NA,NA,NA,NA,NA,NA,NA,9.0000,10.5000,0.8545,slightly low denticulate,No,No,Yes,No,No,No,NA,FALSE,18; 17; 6,13.66666667,irregular; honeycomb,Yes,No,Yes,No,No,No,No,Yes,,NA,NA,NA,NA,428,474.85,47.46965,-119.88069,1
D7679,2,Yes,gradual taper,gradual taper,No,not spreading,No,No,No,NA,10; 9,11; 10,10; 8.7,10; 9,NA,NA,NA,NA,NA,NA,9.1750,10.2500,0.8948,slightly ruffled; low scallops,Some,No,No,No,Yes,No,NA,FALSE,10; 4; 10; 4; 4,6.4,very irregular; honeycomb,Yes,No,Yes,No,No,No,No,Yes,,NA,NA,NA,NA,1893,1893.94,46.71333,-121.18462,1
D7686,2,Yes,gradual taper,gradual taper,No,not spreading,No,No,No,NA,8.5; 8,10; 9.3,10; 9.5,11; 10,10; 9,9; 8.3,9.2; 9.2,NA,NA,NA,9.0429,9.6714,0.9361,slightly-ruffled,Some,No,No,No,No,No,NA,FALSE,9; 8; 8; 9; 9; 9; 9,8.714285714,very irregular; honeycomb,Yes,No,Yes,No,No,No,No,Yes,,NA,NA,NA,NA,1775,1780.6,46.71307,-121.13387,1
DG4900,2,Yes,even taper,even taper,No,not spreading,No,No,No,NA,12; 11,12; 10.5,13; 11,16; 12,13; 11,12; 11,NA,NA,NA,NA,11.0833,13.0000,0.8584,undulating edge; slightly thickened,No,No,No,Yes,No,No,slightly thickened,FALSE,12; 13; 10; 11,11.5,honeycomb; very sinuous,Yes,No,Yes,No,No,No,Yes,Yes,,NA,NA,NA,NA,800.29,800.29,46.99873,-121.1209,1
DG8686,2,Yes,gradual taper,gradual taper,No,not spreading,No,No,No,NA,9; 8.2,9; 9,9; 8.5,8.5; 8,9; 8.5,NA,NA,NA,NA,NA,8.4400,8.9000,0.9482,slightly denticulate; scalloped,No,No,Yes,No,Yes,No,NA,FALSE,6; 3; 4,4.333333333,honeycomb,Yes,No,No,No,No,No,Yes,Yes,,NA,NA,NA,NA,501,549.38,46.75108,-120.79735,1
DG8689,2,Yes,gradual taper,gradual taper,No,not spreading,No,No,No,NA,11; 11,12; 11.5,9.5; 9,NA,NA,NA,NA,NA,NA,NA,10.5000,10.8333,0.9686,low scalloped; denticulate,No,No,Yes,No,Yes,No,NA,FALSE,12; 12,12,irregular; squarish; honeycomb; thick walled,Yes,Yes,Yes,Yes,No,No,Yes,Yes,,NA,NA,NA,NA,501,549.38,46.75108,-120.79735,1
DG8690,2,Probably,gradual taper,gradual taper,No,spreading-curved,Yes,Yes,No,NA,8; 6,8; 7.5,9.5; 8.5,NA,NA,NA,NA,NA,NA,NA,7.3333,8.5000,0.8607,slightly-ruffled; low-denticulate,Some,No,Yes,No,No,No,NA,FALSE,7; 7; 4,6,finely sinuous,No,No,No,No,Yes,No,Yes,Yes,,NA,NA,NA,NA,501,549.38,46.75108,-120.79735,1